user_id:FeatureType.TOKEN,item_id:FeatureType.TOKEN,rating:FeatureType.FLOAT,timestamp:FeatureType.FLOAT
203,306,4.0,1544671100000.0
203,133,4.0,1556652800000.0
203,352,4.0,1585080200000.0
203,57,5.0,1594848300000.0
203,197,4.0,1598591500000.0
203,18,5.0,1604762600000.0
203,202,5.0,1606103500000.0
203,21,3.0,1606878900000.0
203,281,5.0,1609182500000.0
203,339,4.0,1615702000000.0
203,341,5.0,1616457200000.0
203,96,5.0,1616954500000.0
233,306,4.0,1544826800000.0
233,153,4.0,1598839800000.0
233,123,5.0,1627323200000.0
59,306,5.0,1545169000000.0
59,76,4.0,1587674500000.0
59,128,4.0,1592227500000.0
39,306,4.0,1545397500000.0
39,167,4.0,1551359800000.0
39,307,5.0,1597525000000.0
39,86,4.0,1598137700000.0
39,171,5.0,1598994800000.0
39,308,5.0,1600357400000.0
39,81,4.0,1601391700000.0
8,99,4.0,1545432300000.0
8,100,5.0,1579786600000.0
8,101,5.0,1593009000000.0
8,102,5.0,1596293800000.0
8,103,5.0,1597929200000.0
8,28,4.0,1599343700000.0
8,104,5.0,1599521800000.0
8,105,4.0,1601955000000.0
8,106,5.0,1603287000000.0
8,107,5.0,1604196800000.0
8,108,4.0,1604566400000.0
8,109,5.0,1604843200000.0
8,110,4.0,1605127400000.0
8,111,5.0,1606052300000.0
8,112,5.0,1608130500000.0
8,113,5.0,1609698800000.0
8,114,5.0,1610909400000.0
8,115,5.0,1611240700000.0
8,116,5.0,1612015000000.0
8,117,5.0,1612977000000.0
8,118,5.0,1614036300000.0
8,119,5.0,1617730500000.0
8,120,5.0,1618074300000.0
8,121,4.0,1619703600000.0
8,122,4.0,1621093800000.0
8,123,4.0,1628746400000.0
8,49,5.0,1632264400000.0
8,124,3.0,1634940500000.0
114,99,4.0,1546010400000.0
114,299,5.0,1605573000000.0
114,333,5.0,1614986200000.0
114,347,4.0,1616860300000.0
112,99,4.0,1546804800000.0
112,134,5.0,1560984600000.0
112,212,5.0,1595280700000.0
128,99,3.0,1547046200000.0
128,100,5.0,1579385700000.0
128,284,5.0,1593826300000.0
128,307,5.0,1595057400000.0
128,138,5.0,1600972100000.0
128,105,3.0,1601509500000.0
128,218,1.0,1603723000000.0
128,345,5.0,1606149200000.0
234,306,5.0,1547589400000.0
234,128,5.0,1593352400000.0
234,328,5.0,1596473300000.0
234,174,5.0,1617904300000.0
234,37,3.0,1619737400000.0
35,221,5.0,1548208800000.0
35,133,4.0,1556243500000.0
35,6,4.0,1580950000000.0
35,244,4.0,1581257300000.0
35,187,1.0,1581997900000.0
35,10,3.0,1598665400000.0
35,199,2.0,1599882700000.0
35,160,5.0,1606518300000.0
35,203,3.0,1608329600000.0
35,93,2.0,1609804800000.0
35,114,4.0,1610322500000.0
35,238,5.0,1611102800000.0
35,2,4.0,1611183300000.0
35,174,5.0,1614037000000.0
35,5,4.0,1614292700000.0
35,150,4.0,1618184600000.0
35,180,3.0,1620424300000.0
35,289,4.0,1623116900000.0
35,215,4.0,1624274500000.0
35,290,4.0,1624659700000.0
35,275,4.0,1625006700000.0
35,288,3.0,1631367100000.0
35,291,4.0,1638840500000.0
129,221,4.0,1548958800000.0
129,190,3.0,1583123800000.0
129,74,2.0,1593016600000.0
129,313,3.0,1594100800000.0
129,9,5.0,1594571200000.0
129,61,2.0,1598140600000.0
129,242,2.0,1601677400000.0
129,223,4.0,1605927000000.0
129,16,4.0,1606075300000.0
164,99,5.0,1549154100000.0
164,199,5.0,1602449700000.0
164,18,4.0,1605390300000.0
164,172,4.0,1614466800000.0
164,333,4.0,1617823100000.0
164,321,4.0,1622838000000.0
164,123,4.0,1633993000000.0
19,221,5.0,1549679000000.0
19,72,5.0,1582912600000.0
19,192,5.0,1584133800000.0
19,54,5.0,1592523200000.0
207,221,3.0,1549914500000.0
207,335,5.0,1598808700000.0
207,203,4.0,1608389500000.0
207,281,1.0,1609108300000.0
243,221,3.0,1550779500000.0
243,306,4.0,1581953800000.0
243,80,4.0,1602435000000.0
154,167,5.0,1551057600000.0
154,78,4.0,1592411800000.0
154,130,5.0,1593730300000.0
154,284,5.0,1593902400000.0
154,82,5.0,1597171800000.0
154,241,2.0,1597622600000.0
154,170,4.0,1597761700000.0
154,86,5.0,1598199800000.0
154,303,5.0,1598564200000.0
154,246,5.0,1600794000000.0
154,92,4.0,1609692700000.0
13,167,4.0,1552755300000.0
13,134,4.0,1561175500000.0
13,168,2.0,1579538000000.0
13,53,3.0,1580489600000.0
13,69,3.0,1580763300000.0
13,169,5.0,1580925500000.0
13,72,5.0,1583082400000.0
13,170,4.0,1597671600000.0
13,7,4.0,1597848400000.0
13,171,5.0,1598796900000.0
13,172,5.0,1611251400000.0
13,24,4.0,1612308700000.0
13,173,5.0,1612911700000.0
13,174,5.0,1614364800000.0
13,175,4.0,1619365500000.0
13,5,4.0,1619886100000.0
54,133,3.0,1555689200000.0
54,54,5.0,1591751200000.0
54,128,3.0,1592174800000.0
54,79,2.0,1593668100000.0
54,194,5.0,1593851500000.0
54,328,5.0,1594595700000.0
54,318,4.0,1596077500000.0
54,108,5.0,1604270000000.0
10,133,4.0,1555785200000.0
10,134,4.0,1561224400000.0
10,130,5.0,1592427000000.0
10,101,4.0,1593570900000.0
10,135,4.0,1595442300000.0
10,136,5.0,1600623300000.0
10,137,5.0,1601348200000.0
10,138,4.0,1601744900000.0
10,139,4.0,1602256500000.0
10,140,4.0,1605188600000.0
10,106,5.0,1605189600000.0
10,141,3.0,1605277800000.0
10,111,5.0,1605285000000.0
10,142,2.0,1605626500000.0
10,143,5.0,1606514900000.0
10,110,4.0,1607700600000.0
10,144,5.0,1607908200000.0
10,112,5.0,1608561700000.0
10,22,4.0,1610155700000.0
10,115,5.0,1610819300000.0
10,145,5.0,1612028200000.0
10,146,5.0,1615396700000.0
10,119,5.0,1617647800000.0
10,120,5.0,1618154500000.0
10,147,5.0,1618246200000.0
10,148,5.0,1620487700000.0
10,149,4.0,1621265700000.0
182,133,4.0,1556048600000.0
182,187,4.0,1580956500000.0
182,73,4.0,1582937000000.0
182,353,5.0,1583358000000.0
182,177,4.0,1593476600000.0
182,80,4.0,1593482800000.0
182,311,5.0,1594317100000.0
182,195,4.0,1594318700000.0
182,293,5.0,1596167300000.0
232,306,4.0,1559848300000.0
232,167,4.0,1574129000000.0
232,320,5.0,1618155300000.0
141,134,4.0,1561191800000.0
141,6,5.0,1581056500000.0
141,72,4.0,1583309300000.0
141,192,5.0,1584074000000.0
141,78,5.0,1592375500000.0
141,61,5.0,1593282700000.0
141,268,4.0,1594324000000.0
117,99,3.0,1561388900000.0
117,167,4.0,1562865800000.0
117,312,5.0,1563998400000.0
117,338,4.0,1582918500000.0
117,73,5.0,1583079000000.0
117,190,4.0,1583080400000.0
117,77,4.0,1586014200000.0
117,353,4.0,1591400700000.0
117,326,4.0,1593298300000.0
117,328,5.0,1594652900000.0
117,58,5.0,1596220200000.0
117,102,4.0,1596502600000.0
117,85,5.0,1598044800000.0
117,137,5.0,1603022200000.0
117,141,4.0,1603414300000.0
117,108,4.0,1603469400000.0
117,309,4.0,1603558300000.0
117,143,4.0,1605749800000.0
117,299,2.0,1606578900000.0
117,144,4.0,1607806600000.0
117,88,4.0,1608137300000.0
117,327,2.0,1611856300000.0
117,32,4.0,1615412700000.0
117,98,5.0,1622566100000.0
117,300,5.0,1633399000000.0
117,291,4.0,1639759200000.0
56,134,3.0,1562689000000.0
56,283,5.0,1570227900000.0
56,322,5.0,1576384700000.0
56,191,4.0,1580159600000.0
56,100,4.0,1580344500000.0
56,184,4.0,1580931500000.0
56,168,5.0,1582419000000.0
56,188,4.0,1583635900000.0
56,244,3.0,1583643600000.0
56,187,4.0,1583707800000.0
56,70,4.0,1584835700000.0
56,74,4.0,1586311300000.0
56,189,5.0,1586545700000.0
56,190,4.0,1587088500000.0
56,77,5.0,1588283400000.0
56,128,5.0,1592008500000.0
56,130,4.0,1592237900000.0
56,195,5.0,1593977200000.0
56,194,5.0,1593986900000.0
56,56,4.0,1594762700000.0
56,319,5.0,1596842800000.0
56,103,5.0,1597424100000.0
56,85,5.0,1597862000000.0
56,136,5.0,1600714400000.0
56,138,5.0,1600912900000.0
56,271,5.0,1601150100000.0
56,200,5.0,1601586100000.0
56,248,5.0,1602963900000.0
56,141,5.0,1603308500000.0
56,159,5.0,1603490700000.0
56,109,5.0,1604521800000.0
56,201,5.0,1604692900000.0
56,110,5.0,1605990900000.0
56,88,5.0,1606077600000.0
56,278,5.0,1606595200000.0
56,206,5.0,1608166100000.0
56,13,5.0,1608405600000.0
56,205,5.0,1609373200000.0
56,113,4.0,1609460000000.0
56,24,5.0,1610078500000.0
56,68,5.0,1610481900000.0
56,114,5.0,1610511300000.0
56,239,4.0,1611266500000.0
56,145,5.0,1611936700000.0
56,209,3.0,1612319400000.0
56,314,4.0,1612554800000.0
56,225,4.0,1613006600000.0
56,117,5.0,1613442400000.0
56,94,5.0,1614112400000.0
56,33,5.0,1614203700000.0
56,250,4.0,1615073400000.0
56,252,5.0,1615341600000.0
56,251,5.0,1616100000000.0
56,120,5.0,1617751600000.0
56,253,5.0,1618441900000.0
56,148,5.0,1620412600000.0
56,97,5.0,1621560300000.0
56,254,5.0,1621625100000.0
56,181,5.0,1621894100000.0
56,42,5.0,1624037900000.0
56,286,5.0,1624396400000.0
135,127,5.0,1563306600000.0
135,198,2.0,1598745300000.0
135,115,5.0,1609557700000.0
135,206,5.0,1609630900000.0
220,127,5.0,1563772300000.0
220,344,5.0,1629253800000.0
220,162,5.0,1635555000000.0
41,312,4.0,1563919800000.0
41,313,4.0,1592499100000.0
41,249,2.0,1603561000000.0
41,17,5.0,1607965900000.0
132,127,3.0,1564079400000.0
132,195,5.0,1594051000000.0
132,106,5.0,1603556600000.0
132,144,4.0,1608002400000.0
132,211,5.0,1613592800000.0
132,250,5.0,1619550900000.0
120,312,5.0,1564165100000.0
120,168,3.0,1578935800000.0
120,352,5.0,1584558000000.0
120,54,5.0,1592016500000.0
120,79,4.0,1593144000000.0
120,287,5.0,1593726500000.0
120,12,5.0,1594167900000.0
120,273,5.0,1618622200000.0
120,279,5.0,1632593100000.0
116,312,5.0,1564387300000.0
116,74,3.0,1585640100000.0
116,79,1.0,1599555600000.0
116,78,5.0,1599702600000.0
124,127,5.0,1564775300000.0
124,303,2.0,1598622800000.0
124,153,5.0,1599144500000.0
222,312,5.0,1564972200000.0
222,190,5.0,1583680200000.0
222,75,5.0,1583681400000.0
222,130,5.0,1591998000000.0
143,325,4.0,1567196300000.0
143,191,4.0,1579103400000.0
143,100,4.0,1579104200000.0
143,169,5.0,1580666600000.0
143,186,5.0,1580691500000.0
143,6,5.0,1580755800000.0
143,342,5.0,1582502200000.0
147,325,4.0,1567196300000.0
147,191,4.0,1579103400000.0
147,100,4.0,1579104200000.0
147,169,5.0,1580666600000.0
147,186,5.0,1580691500000.0
147,6,5.0,1580755800000.0
147,342,5.0,1582502200000.0
147,189,3.0,1583263800000.0
147,324,5.0,1592013200000.0
147,82,4.0,1596476000000.0
147,356,5.0,1600625300000.0
147,35,4.0,1614359300000.0
140,325,4.0,1567387400000.0
140,188,5.0,1580962000000.0
140,57,5.0,1594092300000.0
140,153,5.0,1598585000000.0
140,1,2.0,1598822000000.0
140,277,5.0,1599188400000.0
140,224,3.0,1604872300000.0
140,214,4.0,1605496300000.0
140,113,5.0,1609630400000.0
140,145,5.0,1613615200000.0
140,150,4.0,1614229900000.0
140,250,5.0,1615394100000.0
140,339,5.0,1616360400000.0
140,286,5.0,1625104200000.0
140,279,4.0,1633656100000.0
51,325,5.0,1567395700000.0
51,54,5.0,1592424400000.0
51,61,5.0,1593119200000.0
51,326,5.0,1594067500000.0
51,90,5.0,1607804000000.0
149,325,5.0,1567435900000.0
149,322,1.0,1576352500000.0
149,71,5.0,1586922400000.0
9,127,5.0,1567779000000.0
9,128,3.0,1597680100000.0
9,129,5.0,1600358600000.0
9,130,3.0,1600359000000.0
9,131,5.0,1600359100000.0
208,325,5.0,1567865600000.0
208,303,5.0,1598195800000.0
208,104,2.0,1599571100000.0
185,325,4.0,1567988900000.0
185,253,1.0,1620075900000.0
185,240,5.0,1621715700000.0
185,245,4.0,1622673500000.0
185,344,5.0,1624248400000.0
32,283,3.0,1570467100000.0
32,131,5.0,1593178600000.0
32,284,5.0,1593636400000.0
32,59,5.0,1596361800000.0
32,257,5.0,1596972100000.0
89,283,4.0,1570652000000.0
89,348,4.0,1596161700000.0
89,81,5.0,1596534600000.0
89,86,3.0,1598107700000.0
89,160,4.0,1609203300000.0
89,337,4.0,1610289000000.0
89,238,4.0,1616270300000.0
90,283,4.0,1570831100000.0
90,53,1.0,1606354200000.0
90,338,4.0,1611069100000.0
90,54,5.0,1611454200000.0
90,10,4.0,1613154900000.0
110,351,5.0,1571361900000.0
110,191,5.0,1577672900000.0
110,70,5.0,1581543000000.0
110,196,5.0,1594736900000.0
110,210,5.0,1595544200000.0
110,198,4.0,1595791200000.0
110,204,3.0,1599008500000.0
110,136,5.0,1600531900000.0
110,140,4.0,1603912200000.0
110,206,5.0,1608400900000.0
245,351,5.0,1571877400000.0
245,184,4.0,1577153600000.0
245,324,5.0,1591874200000.0
245,58,5.0,1596124000000.0
245,329,5.0,1598100200000.0
179,351,4.0,1572362000000.0
179,257,4.0,1595702100000.0
179,53,2.0,1599188500000.0
179,1,4.0,1601239400000.0
179,337,5.0,1601882300000.0
179,343,4.0,1609032400000.0
179,64,5.0,1619720300000.0
179,230,5.0,1632736100000.0
209,351,5.0,1574657300000.0
209,78,5.0,1593300000000.0
209,287,5.0,1595092200000.0
209,57,5.0,1595200800000.0
209,154,4.0,1602046900000.0
209,277,5.0,1604114400000.0
209,106,5.0,1607793500000.0
209,143,3.0,1610949700000.0
16,184,5.0,1577144700000.0
16,191,5.0,1577225600000.0
16,189,5.0,1583172000000.0
16,195,5.0,1593625100000.0
16,210,5.0,1595610000000.0
16,198,5.0,1595783000000.0
16,103,5.0,1597681600000.0
16,201,5.0,1603476100000.0
30,100,3.0,1577686800000.0
30,193,5.0,1586505600000.0
30,77,5.0,1588033200000.0
30,189,3.0,1591241300000.0
30,192,3.0,1596096600000.0
5,53,1.0,1578312500000.0
5,54,5.0,1595509000000.0
5,55,3.0,1595958400000.0
5,56,5.0,1597315200000.0
5,57,4.0,1597749100000.0
5,58,3.0,1598961100000.0
5,59,4.0,1600083300000.0
5,60,3.0,1600125300000.0
5,61,2.0,1600345700000.0
5,62,4.0,1600706600000.0
5,13,3.0,1610035100000.0
5,63,4.0,1616612200000.0
5,37,4.0,1626437700000.0
5,64,4.0,1627562600000.0
5,65,4.0,1628871500000.0
5,25,5.0,1630337100000.0
170,168,5.0,1578607800000.0
170,352,4.0,1585011400000.0
170,76,5.0,1585529100000.0
170,328,5.0,1594592500000.0
170,335,4.0,1598898000000.0
170,141,4.0,1604636000000.0
170,36,4.0,1616551500000.0
72,168,3.0,1578861000000.0
72,342,5.0,1582513700000.0
72,338,4.0,1582679700000.0
72,75,4.0,1583300900000.0
72,189,3.0,1583852000000.0
72,193,3.0,1587136300000.0
72,343,3.0,1587330300000.0
72,130,4.0,1592087700000.0
72,324,5.0,1592170000000.0
72,78,4.0,1592776900000.0
72,55,4.0,1593828300000.0
72,196,4.0,1594487300000.0
72,56,4.0,1595382000000.0
72,197,4.0,1598306800000.0
72,154,2.0,1599530100000.0
72,15,2.0,1607965000000.0
72,281,2.0,1610660600000.0
72,320,4.0,1611805000000.0
72,67,4.0,1614399500000.0
72,176,2.0,1624502400000.0
72,42,4.0,1624932700000.0
72,344,4.0,1629756000000.0
49,184,5.0,1578928000000.0
49,69,4.0,1580742100000.0
49,185,4.0,1581773000000.0
49,323,4.0,1583932000000.0
49,76,4.0,1585261300000.0
49,324,4.0,1591977200000.0
49,268,4.0,1593043700000.0
49,102,4.0,1597526600000.0
49,28,4.0,1597942800000.0
49,299,4.0,1605814500000.0
49,280,4.0,1607744900000.0
79,191,4.0,1579146800000.0
79,268,4.0,1592107900000.0
79,198,4.0,1595857600000.0
79,248,4.0,1603133100000.0
79,140,3.0,1604108200000.0
71,168,5.0,1579320100000.0
71,185,4.0,1581992100000.0
71,100,5.0,1586076700000.0
71,132,5.0,1593822400000.0
71,177,4.0,1594715400000.0
71,194,4.0,1595716500000.0
71,80,5.0,1596464200000.0
71,28,3.0,1597578500000.0
71,103,5.0,1598014100000.0
71,223,4.0,1599571900000.0
71,204,5.0,1600089100000.0
71,179,5.0,1604837000000.0
71,142,3.0,1605569200000.0
15,184,3.0,1579807300000.0
15,69,5.0,1581119600000.0
15,185,5.0,1581120100000.0
15,169,5.0,1581121000000.0
15,186,5.0,1581724300000.0
15,187,5.0,1582257800000.0
15,73,3.0,1583003700000.0
15,188,4.0,1583068600000.0
15,189,4.0,1583326600000.0
15,190,4.0,1583594200000.0
15,191,5.0,1584454000000.0
15,74,5.0,1584828800000.0
15,76,3.0,1584971800000.0
15,192,5.0,1585140600000.0
15,193,5.0,1586525900000.0
15,128,4.0,1592146300000.0
15,130,2.0,1592263200000.0
15,194,5.0,1593574200000.0
15,195,5.0,1593574400000.0
15,196,2.0,1594395700000.0
15,177,5.0,1595077800000.0
15,81,3.0,1595710600000.0
15,58,5.0,1596026300000.0
15,132,5.0,1597587300000.0
15,103,3.0,1597624700000.0
15,178,5.0,1598742100000.0
15,197,4.0,1598750500000.0
15,1,5.0,1599355700000.0
15,12,4.0,1600554100000.0
15,104,5.0,1600560400000.0
15,198,4.0,1601007000000.0
15,199,3.0,1601819900000.0
15,138,4.0,1601827100000.0
15,200,3.0,1602948300000.0
15,105,3.0,1602948600000.0
15,108,4.0,1604243700000.0
15,201,4.0,1604252000000.0
15,140,5.0,1605106800000.0
15,111,5.0,1606489500000.0
15,110,5.0,1606661600000.0
15,202,4.0,1608657000000.0
15,144,2.0,1609081300000.0
15,203,5.0,1609093900000.0
15,204,5.0,1611410300000.0
15,179,5.0,1611411200000.0
15,205,5.0,1612720100000.0
15,15,5.0,1615041500000.0
15,24,4.0,1615144800000.0
15,172,4.0,1620317700000.0
15,206,4.0,1623762900000.0
15,113,5.0,1623767400000.0
15,207,5.0,1627907200000.0
15,148,4.0,1630083200000.0
15,41,4.0,1638024200000.0
15,208,5.0,1638025400000.0
15,209,5.0,1641830400000.0
48,322,5.0,1580258800000.0
48,72,5.0,1583543400000.0
48,75,5.0,1584189400000.0
48,193,5.0,1586595600000.0
48,218,5.0,1597266300000.0
158,6,5.0,1580787800000.0
158,69,5.0,1581012900000.0
158,188,5.0,1581192000000.0
158,186,5.0,1581966800000.0
158,56,5.0,1595653100000.0
158,8,4.0,1595660700000.0
158,317,4.0,1595832400000.0
158,318,5.0,1595910000000.0
158,156,4.0,1598161000000.0
158,85,5.0,1598162000000.0
158,243,4.0,1601738600000.0
158,263,2.0,1602384800000.0
158,158,4.0,1603654600000.0
158,219,5.0,1605896100000.0
158,10,5.0,1607206400000.0
158,68,5.0,1612373300000.0
163,70,5.0,1580791000000.0
163,324,4.0,1591648700000.0
163,101,4.0,1593192200000.0
163,171,4.0,1598967600000.0
163,355,4.0,1609040100000.0
167,244,5.0,1580883400000.0
167,71,3.0,1581096800000.0
167,323,5.0,1584235300000.0
167,313,3.0,1594366900000.0
167,54,5.0,1594702000000.0
167,79,5.0,1595307600000.0
167,348,5.0,1599407500000.0
24,244,5.0,1580919400000.0
24,190,5.0,1584112900000.0
24,130,3.0,1593700900000.0
50,69,4.0,1580930000000.0
50,58,5.0,1595869500000.0
50,299,5.0,1605472700000.0
50,173,5.0,1612048000000.0
109,186,4.0,1580939100000.0
109,154,5.0,1598993500000.0
109,270,3.0,1599079600000.0
109,336,3.0,1626819700000.0
240,70,5.0,1581007200000.0
240,72,5.0,1582996300000.0
240,342,4.0,1588736200000.0
240,69,5.0,1609559600000.0
240,58,3.0,1623113100000.0
28,244,5.0,1581169900000.0
28,190,5.0,1583066800000.0
28,268,5.0,1591829900000.0
28,269,4.0,1592342700000.0
28,270,2.0,1596574400000.0
28,236,5.0,1598105800000.0
28,271,5.0,1598128000000.0
28,54,5.0,1599303700000.0
28,204,5.0,1599394200000.0
28,171,5.0,1600292300000.0
28,199,5.0,1600603200000.0
28,159,5.0,1604069800000.0
28,30,5.0,1607174200000.0
28,272,5.0,1607799800000.0
28,68,5.0,1610285400000.0
28,273,5.0,1618593400000.0
28,274,5.0,1621810500000.0
123,244,2.0,1581227800000.0
123,326,5.0,1593295900000.0
123,61,4.0,1593677300000.0
123,196,2.0,1596859100000.0
123,62,5.0,1597036800000.0
123,319,4.0,1602176200000.0
123,314,1.0,1611962500000.0
105,187,4.0,1581268600000.0
105,318,3.0,1597044200000.0
105,246,3.0,1601254000000.0
111,187,4.0,1581268600000.0
111,318,3.0,1597044200000.0
111,246,3.0,1601254000000.0
7,6,4.0,1581281400000.0
7,69,3.0,1582037000000.0
7,70,5.0,1583080900000.0
7,71,4.0,1583254500000.0
7,72,4.0,1585175100000.0
7,73,5.0,1585329700000.0
7,74,4.0,1585425200000.0
7,75,4.0,1585684800000.0
7,76,4.0,1587213600000.0
7,77,5.0,1588793000000.0
7,78,5.0,1592915900000.0
7,79,3.0,1593521900000.0
7,9,4.0,1594128500000.0
7,80,4.0,1594916200000.0
7,81,1.0,1595769200000.0
7,82,5.0,1596726600000.0
7,83,5.0,1597232600000.0
7,84,5.0,1597494100000.0
7,85,4.0,1598445500000.0
7,86,3.0,1598965700000.0
7,87,4.0,1602167600000.0
7,88,4.0,1604928700000.0
7,89,5.0,1605883900000.0
7,90,4.0,1606137300000.0
7,91,4.0,1606306900000.0
7,13,5.0,1607356600000.0
7,30,4.0,1607356900000.0
7,92,5.0,1609185600000.0
7,3,5.0,1609346800000.0
7,31,4.0,1610373700000.0
7,93,3.0,1610375800000.0
7,94,4.0,1613169600000.0
7,95,5.0,1617377400000.0
7,96,4.0,1618347300000.0
44,185,5.0,1581557100000.0
44,70,5.0,1585262800000.0
44,139,3.0,1601368500000.0
44,308,5.0,1601632300000.0
44,247,5.0,1603668300000.0
44,110,4.0,1605169400000.0
44,246,5.0,1605512700000.0
44,265,3.0,1607326100000.0
44,239,5.0,1611692800000.0
44,117,5.0,1613684500000.0
44,119,5.0,1618007700000.0
44,120,5.0,1621120000000.0
94,53,2.0,1581826000000.0
94,338,4.0,1583120600000.0
94,185,5.0,1584329400000.0
94,130,5.0,1593789800000.0
94,108,5.0,1606065600000.0
94,111,2.0,1606509900000.0
94,265,3.0,1608140700000.0
94,209,5.0,1612483500000.0
161,191,4.0,1582127800000.0
161,187,5.0,1582817900000.0
161,6,4.0,1583100500000.0
131,6,4.0,1582326200000.0
131,313,5.0,1594937000000.0
131,55,3.0,1596053100000.0
227,353,5.0,1582495800000.0
227,79,5.0,1593139800000.0
227,154,5.0,1598986000000.0
227,246,5.0,1600555500000.0
227,93,3.0,1609859100000.0
227,118,5.0,1614033200000.0
227,96,5.0,1615845500000.0
197,187,2.0,1582498000000.0
197,169,5.0,1582498300000.0
197,184,4.0,1582690600000.0
197,188,5.0,1586883600000.0
197,322,3.0,1588793700000.0
197,57,4.0,1595786100000.0
197,146,5.0,1616272200000.0
197,149,4.0,1621730700000.0
87,169,3.0,1582766900000.0
87,69,3.0,1583195600000.0
87,188,4.0,1583360500000.0
87,73,4.0,1583538800000.0
87,54,4.0,1594396100000.0
87,79,3.0,1594438000000.0
130,351,4.0,1583630500000.0
130,353,4.0,1583724900000.0
130,73,4.0,1583901400000.0
130,343,4.0,1587944100000.0
130,129,4.0,1594697300000.0
106,74,2.0,1583678600000.0
106,108,3.0,1603660200000.0
106,214,4.0,1605196300000.0
106,116,1.0,1613768700000.0
106,208,4.0,1619792600000.0
106,121,4.0,1619792900000.0
196,342,4.0,1583760000000.0
196,139,5.0,1603391700000.0
196,200,5.0,1604253800000.0
196,214,5.0,1605548000000.0
196,144,5.0,1607198600000.0
196,113,3.0,1610004200000.0
196,117,3.0,1613774700000.0
196,118,4.0,1617128300000.0
196,252,5.0,1617296100000.0
196,255,5.0,1619532800000.0
196,121,4.0,1620149400000.0
196,147,5.0,1620433200000.0
196,181,4.0,1623686000000.0
248,323,5.0,1583793300000.0
248,287,5.0,1592784300000.0
248,9,5.0,1593449900000.0
248,243,5.0,1600554300000.0
248,62,3.0,1600554500000.0
235,190,4.0,1583941400000.0
235,77,5.0,1586283000000.0
235,332,5.0,1600033000000.0
64,338,5.0,1583951000000.0
64,323,5.0,1583952200000.0
64,193,5.0,1587735600000.0
64,129,5.0,1592174800000.0
64,78,5.0,1594137200000.0
64,131,4.0,1594138300000.0
64,56,3.0,1596720500000.0
64,259,1.0,1596723700000.0
64,217,5.0,1599659600000.0
64,82,1.0,1599662300000.0
64,294,5.0,1602169200000.0
64,242,1.0,1602171400000.0
64,14,5.0,1604319300000.0
64,158,3.0,1607698400000.0
64,18,5.0,1607711200000.0
64,295,1.0,1607711300000.0
238,323,4.0,1583964000000.0
238,192,5.0,1584136800000.0
238,338,4.0,1584644400000.0
238,55,3.0,1591955400000.0
238,131,4.0,1592470000000.0
238,287,5.0,1593207800000.0
238,196,4.0,1594633700000.0
238,58,2.0,1595828900000.0
238,335,4.0,1600236400000.0
204,323,5.0,1584425000000.0
204,77,5.0,1586624700000.0
204,131,5.0,1592869800000.0
204,313,5.0,1593883200000.0
204,81,2.0,1595954800000.0
204,203,5.0,1608779200000.0
80,70,5.0,1585341500000.0
80,71,5.0,1585631200000.0
80,74,5.0,1588469400000.0
80,130,4.0,1594709100000.0
80,59,4.0,1596923200000.0
101,77,4.0,1585688900000.0
101,135,1.0,1595046600000.0
101,83,5.0,1597342500000.0
101,178,5.0,1599425900000.0
101,111,4.0,1604938900000.0
101,203,5.0,1608844800000.0
101,347,5.0,1618116000000.0
195,352,5.0,1585866700000.0
195,193,5.0,1586234900000.0
195,328,2.0,1595375200000.0
195,289,5.0,1623178500000.0
195,148,3.0,1628602600000.0
136,71,5.0,1586306400000.0
136,130,5.0,1594562600000.0
136,313,3.0,1596100400000.0
136,257,2.0,1596204400000.0
136,284,5.0,1597082800000.0
136,196,5.0,1597085000000.0
136,80,5.0,1597888000000.0
136,294,5.0,1597973700000.0
136,241,5.0,1597974800000.0
136,303,3.0,1601314200000.0
136,19,5.0,1605259400000.0
136,101,5.0,1607266700000.0
136,276,4.0,1618360500000.0
136,288,5.0,1631475900000.0
157,353,5.0,1586438300000.0
157,78,5.0,1592393100000.0
157,101,5.0,1592738700000.0
157,302,5.0,1596371100000.0
157,335,5.0,1599049200000.0
157,242,2.0,1600729000000.0
157,299,5.0,1605705700000.0
157,20,4.0,1606176600000.0
157,19,5.0,1607173500000.0
157,296,5.0,1609079800000.0
157,22,4.0,1610026200000.0
157,94,5.0,1614177000000.0
126,77,5.0,1586788600000.0
126,287,5.0,1593364000000.0
126,284,1.0,1594385100000.0
126,262,5.0,1597673600000.0
126,28,5.0,1600347000000.0
126,21,5.0,1607526000000.0
126,91,5.0,1607526500000.0
126,347,4.0,1618112300000.0
190,343,4.0,1587100400000.0
190,129,5.0,1592024500000.0
190,59,5.0,1593755400000.0
190,8,5.0,1594447400000.0
190,138,4.0,1601358900000.0
249,77,5.0,1587561100000.0
249,177,5.0,1596747200000.0
249,195,5.0,1596759700000.0
2,6,5.0,1591463100000.0
2,7,4.0,1598304700000.0
2,8,5.0,1598832200000.0
2,9,3.0,1599768100000.0
2,10,5.0,1599770300000.0
2,11,5.0,1602432500000.0
113,78,4.0,1592486000000.0
113,269,4.0,1592753800000.0
113,268,3.0,1593122900000.0
113,59,3.0,1593925400000.0
113,310,4.0,1596983700000.0
246,324,5.0,1592490300000.0
246,313,4.0,1593446200000.0
246,103,5.0,1598566600000.0
53,190,5.0,1592673600000.0
53,257,5.0,1596341100000.0
53,135,5.0,1596341200000.0
53,310,5.0,1596390200000.0
53,152,5.0,1597541600000.0
53,298,5.0,1603656000000.0
53,204,5.0,1608582700000.0
53,258,5.0,1610075000000.0
53,327,5.0,1612134900000.0
53,32,5.0,1613327400000.0
53,4,5.0,1613795700000.0
53,321,4.0,1619916100000.0
133,79,2.0,1592682900000.0
133,350,5.0,1596236900000.0
133,310,5.0,1596238500000.0
133,103,4.0,1598132700000.0
133,298,5.0,1598739600000.0
133,109,5.0,1603312000000.0
133,98,5.0,1621291400000.0
218,313,5.0,1593289000000.0
218,59,4.0,1594783400000.0
218,155,5.0,1599011300000.0
82,130,3.0,1593371100000.0
82,335,5.0,1598736200000.0
82,201,5.0,1603666200000.0
82,214,5.0,1604688200000.0
82,143,4.0,1604894900000.0
82,202,5.0,1605993100000.0
82,24,5.0,1611693600000.0
55,313,3.0,1593613100000.0
55,322,4.0,1594818700000.0
55,131,4.0,1595598700000.0
55,102,5.0,1598364700000.0
55,258,4.0,1599241000000.0
55,55,4.0,1600442200000.0
55,329,5.0,1610123600000.0
55,107,5.0,1610130000000.0
55,330,3.0,1610545800000.0
55,178,3.0,1618328400000.0
55,104,5.0,1619032400000.0
55,294,2.0,1620755600000.0
55,41,4.0,1625530800000.0
55,275,5.0,1638844100000.0
55,48,4.0,1648407600000.0
55,124,4.0,1648410900000.0
253,9,5.0,1593718600000.0
253,307,5.0,1594337300000.0
253,350,5.0,1597099000000.0
253,259,5.0,1597431000000.0
115,78,5.0,1593830500000.0
115,352,3.0,1596566300000.0
115,130,4.0,1601878800000.0
115,311,5.0,1603631200000.0
181,9,5.0,1594271600000.0
181,317,5.0,1596274100000.0
181,84,5.0,1597266900000.0
181,289,5.0,1622333700000.0
186,59,3.0,1594302300000.0
186,15,4.0,1608172300000.0
186,93,3.0,1609773600000.0
202,80,4.0,1594326600000.0
202,132,4.0,1595184400000.0
202,194,3.0,1597990600000.0
202,83,4.0,1598692700000.0
193,59,5.0,1594605700000.0
193,57,5.0,1594613700000.0
193,195,5.0,1594722900000.0
193,104,5.0,1599947500000.0
193,139,5.0,1601706500000.0
193,247,4.0,1603740100000.0
193,285,2.0,1606338700000.0
193,202,5.0,1607202900000.0
193,115,5.0,1610765700000.0
193,207,5.0,1611551900000.0
193,174,5.0,1612994700000.0
193,321,5.0,1620932400000.0
193,254,5.0,1621575200000.0
177,101,5.0,1594671500000.0
177,58,5.0,1595772900000.0
177,262,4.0,1596504300000.0
177,8,5.0,1596852000000.0
177,261,4.0,1597351100000.0
177,81,5.0,1598316600000.0
177,104,4.0,1602980700000.0
177,30,5.0,1608859600000.0
177,332,4.0,1609382600000.0
177,40,4.0,1618617700000.0
177,119,5.0,1618627700000.0
34,268,2.0,1594835700000.0
34,132,4.0,1596398500000.0
34,177,4.0,1596497000000.0
34,287,5.0,1596497500000.0
34,80,3.0,1596933800000.0
34,135,2.0,1596935000000.0
34,195,4.0,1597945500000.0
34,194,3.0,1598218700000.0
34,108,4.0,1603931300000.0
34,285,4.0,1606144500000.0
34,176,5.0,1623883900000.0
36,293,5.0,1595394100000.0
36,268,5.0,1595686500000.0
36,57,4.0,1595692400000.0
36,258,5.0,1597806300000.0
36,135,5.0,1598146600000.0
36,294,5.0,1598411400000.0
36,87,5.0,1599617500000.0
36,61,5.0,1603421300000.0
36,88,5.0,1605473100000.0
36,171,5.0,1606065300000.0
36,295,5.0,1606098100000.0
36,296,5.0,1606098400000.0
36,13,5.0,1607368400000.0
36,3,5.0,1609784800000.0
36,112,5.0,1609952400000.0
36,297,5.0,1612040200000.0
36,95,5.0,1616857000000.0
36,146,5.0,1619372900000.0
36,43,4.0,1625765800000.0
36,162,5.0,1633025300000.0
36,182,5.0,1641844000000.0
155,135,2.0,1595424600000.0
155,268,5.0,1595431800000.0
155,14,4.0,1604949100000.0
155,22,5.0,1608511100000.0
61,293,5.0,1595522700000.0
61,140,4.0,1605729300000.0
61,17,4.0,1609792600000.0
61,336,5.0,1626726000000.0
91,326,5.0,1595722200000.0
91,348,5.0,1597036200000.0
91,86,5.0,1600152100000.0
62,293,3.0,1595734600000.0
62,302,4.0,1596052200000.0
62,259,5.0,1597448900000.0
62,263,5.0,1605826900000.0
62,89,4.0,1606771100000.0
172,9,5.0,1595805500000.0
172,258,4.0,1596067500000.0
172,152,5.0,1596661800000.0
172,217,5.0,1597013100000.0
172,241,5.0,1597865200000.0
172,11,4.0,1604516700000.0
172,149,4.0,1608729600000.0
172,68,4.0,1608780700000.0
172,281,4.0,1608816700000.0
172,92,4.0,1608816900000.0
172,282,5.0,1610933000000.0
194,317,5.0,1595856000000.0
194,307,5.0,1596485900000.0
194,103,3.0,1598192600000.0
194,178,5.0,1598816000000.0
194,10,5.0,1598829200000.0
198,135,3.0,1595874500000.0
198,317,5.0,1596134800000.0
198,298,5.0,1598445500000.0
216,195,5.0,1595944300000.0
216,80,1.0,1596485000000.0
216,194,1.0,1596485300000.0
216,108,5.0,1604612000000.0
98,135,5.0,1595960100000.0
98,337,5.0,1605794400000.0
98,346,5.0,1606496800000.0
98,13,4.0,1608422400000.0
98,296,3.0,1609619600000.0
98,92,5.0,1609987100000.0
251,348,5.0,1595964800000.0
251,223,5.0,1598566600000.0
251,303,5.0,1601789900000.0
31,8,5.0,1595978200000.0
31,83,5.0,1596768600000.0
31,81,5.0,1597091100000.0
31,12,5.0,1597350300000.0
31,236,5.0,1598154300000.0
31,28,5.0,1598469000000.0
31,218,4.0,1598934100000.0
31,156,4.0,1599363700000.0
31,222,5.0,1605482800000.0
188,318,3.0,1595997600000.0
188,317,3.0,1597593500000.0
188,85,3.0,1598567200000.0
174,319,5.0,1596061300000.0
174,152,5.0,1596583000000.0
174,83,5.0,1598500100000.0
174,356,4.0,1601999500000.0
174,88,4.0,1605395800000.0
174,11,5.0,1608623300000.0
236,302,4.0,1596081700000.0
236,258,4.0,1598159500000.0
236,263,5.0,1603951500000.0
52,293,4.0,1596091900000.0
52,108,5.0,1603690600000.0
52,264,4.0,1606288100000.0
160,326,4.0,1596120100000.0
160,340,3.0,1598566300000.0
160,308,4.0,1601125700000.0
212,57,5.0,1596151400000.0
212,318,4.0,1596152600000.0
212,156,5.0,1600718100000.0
212,308,5.0,1602440900000.0
212,10,5.0,1603656400000.0
212,219,5.0,1604607300000.0
212,90,5.0,1606465000000.0
152,77,5.0,1596153300000.0
152,12,5.0,1602257400000.0
152,108,5.0,1605485200000.0
152,149,5.0,1605707400000.0
152,346,5.0,1605925100000.0
102,61,5.0,1596155000000.0
102,217,5.0,1596221200000.0
102,317,5.0,1596473500000.0
102,257,5.0,1596922100000.0
102,15,4.0,1608006000000.0
102,266,5.0,1608571300000.0
102,296,5.0,1608580100000.0
102,93,5.0,1609855400000.0
102,238,5.0,1610820200000.0
102,173,4.0,1612811100000.0
102,225,5.0,1612981700000.0
102,67,3.0,1615914600000.0
102,39,5.0,1626286300000.0
103,235,4.0,1596158500000.0
103,350,5.0,1596865600000.0
103,212,5.0,1597901900000.0
103,213,5.0,1599711000000.0
103,7,5.0,1599712000000.0
103,157,5.0,1600886900000.0
103,60,5.0,1601844300000.0
103,309,5.0,1607358900000.0
148,262,5.0,1596167000000.0
148,235,5.0,1596236100000.0
148,159,5.0,1603330500000.0
148,297,5.0,1607564400000.0
229,262,2.0,1596177500000.0
229,178,3.0,1598375600000.0
229,204,1.0,1599105300000.0
229,81,2.0,1599712300000.0
229,106,4.0,1604812400000.0
229,272,5.0,1607580900000.0
229,89,5.0,1608968400000.0
242,198,2.0,1596197800000.0
242,58,5.0,1596565400000.0
242,329,4.0,1598092100000.0
242,280,5.0,1607634900000.0
38,302,3.0,1596249200000.0
38,287,5.0,1597017000000.0
38,257,3.0,1597020800000.0
38,178,4.0,1598220000000.0
38,217,4.0,1598819000000.0
38,259,5.0,1598826600000.0
38,294,4.0,1599940000000.0
38,271,5.0,1601691800000.0
38,241,5.0,1601692500000.0
38,87,3.0,1602445600000.0
38,213,3.0,1604278800000.0
38,7,3.0,1604278800000.0
38,303,5.0,1604279500000.0
38,15,4.0,1606093800000.0
38,263,4.0,1606780000000.0
38,14,4.0,1606782300000.0
38,18,4.0,1607136400000.0
38,266,3.0,1608237400000.0
38,30,3.0,1608241900000.0
38,304,5.0,1609116000000.0
38,305,5.0,1609116300000.0
38,199,3.0,1610852000000.0
122,307,5.0,1596255200000.0
122,317,5.0,1596601000000.0
122,257,5.0,1597205500000.0
122,62,3.0,1597257700000.0
122,155,5.0,1598277800000.0
122,239,5.0,1611123400000.0
122,31,5.0,1612331200000.0
122,225,5.0,1612664800000.0
122,94,5.0,1613538800000.0
122,339,5.0,1613853800000.0
122,34,5.0,1614509100000.0
122,273,5.0,1618583600000.0
122,220,5.0,1622647800000.0
67,102,4.0,1596343000000.0
67,137,4.0,1601606600000.0
67,200,5.0,1601764300000.0
67,247,4.0,1602889300000.0
67,108,4.0,1603594600000.0
67,16,4.0,1604201700000.0
67,109,5.0,1604611000000.0
67,299,5.0,1607936000000.0
67,116,5.0,1611466100000.0
67,2,5.0,1611547300000.0
67,113,3.0,1614683600000.0
67,32,5.0,1615188600000.0
67,119,5.0,1617975200000.0
67,252,2.0,1618727300000.0
67,254,5.0,1620717500000.0
67,255,5.0,1622704800000.0
67,42,5.0,1623906200000.0
67,300,5.0,1624403200000.0
67,290,5.0,1624917500000.0
67,181,4.0,1635459100000.0
150,307,5.0,1596375400000.0
150,276,5.0,1597004400000.0
150,246,5.0,1602221500000.0
192,9,4.0,1596394700000.0
192,112,5.0,1608339200000.0
192,219,5.0,1608342200000.0
192,11,5.0,1617151300000.0
192,263,5.0,1617151800000.0
99,102,4.0,1596504800000.0
99,261,5.0,1596770700000.0
99,157,5.0,1598920200000.0
99,204,5.0,1599349500000.0
99,199,4.0,1600048900000.0
99,179,5.0,1604893800000.0
99,107,5.0,1605114400000.0
99,345,4.0,1605578300000.0
99,30,4.0,1607894600000.0
99,63,5.0,1610266200000.0
239,287,4.0,1596528400000.0
239,317,2.0,1596965500000.0
239,350,4.0,1596966200000.0
239,235,3.0,1597208100000.0
237,212,4.0,1596542300000.0
237,213,5.0,1598497500000.0
237,106,5.0,1603940900000.0
237,19,4.0,1609112100000.0
237,238,5.0,1610485600000.0
237,36,5.0,1614777800000.0
165,317,5.0,1596552900000.0
165,83,5.0,1596640200000.0
165,350,5.0,1597078500000.0
165,170,5.0,1597085500000.0
165,310,5.0,1597243100000.0
165,236,5.0,1598386500000.0
165,28,5.0,1601499000000.0
165,248,5.0,1602546000000.0
165,179,5.0,1604590500000.0
165,68,5.0,1610384700000.0
165,3,5.0,1611091100000.0
165,238,5.0,1611261100000.0
165,225,4.0,1613679300000.0
165,37,5.0,1615921500000.0
165,245,5.0,1621356200000.0
165,344,5.0,1623768200000.0
169,82,5.0,1596564700000.0
169,197,4.0,1599766700000.0
169,108,4.0,1604675600000.0
169,141,5.0,1607275100000.0
169,280,5.0,1607987200000.0
169,296,1.0,1609086900000.0
169,346,4.0,1610911800000.0
169,35,4.0,1614813200000.0
75,235,5.0,1596567300000.0
75,241,5.0,1600388700000.0
75,276,5.0,1600389100000.0
11,152,5.0,1596571500000.0
11,153,5.0,1598743500000.0
11,154,5.0,1598909400000.0
11,155,5.0,1598922200000.0
11,156,5.0,1600905500000.0
11,157,5.0,1601849400000.0
11,158,5.0,1601850700000.0
68,82,5.0,1596590400000.0
68,194,3.0,1597248500000.0
68,317,4.0,1598362700000.0
68,276,4.0,1598379300000.0
68,340,5.0,1600265100000.0
68,243,5.0,1600286200000.0
68,258,4.0,1604521300000.0
85,298,3.0,1596680400000.0
85,83,5.0,1597336500000.0
85,170,5.0,1597785200000.0
85,329,5.0,1597787300000.0
85,303,5.0,1598399400000.0
85,197,5.0,1598552000000.0
85,157,5.0,1598923900000.0
85,171,5.0,1599004100000.0
85,199,4.0,1599779400000.0
85,223,5.0,1603235500000.0
85,309,5.0,1603244400000.0
85,149,5.0,1604713300000.0
85,219,5.0,1605141300000.0
85,263,5.0,1605148000000.0
85,14,2.0,1606163500000.0
85,20,5.0,1607307400000.0
85,90,5.0,1607559300000.0
85,30,5.0,1607736100000.0
85,296,2.0,1608694200000.0
85,172,5.0,1610152000000.0
85,209,3.0,1612229600000.0
85,174,5.0,1613786000000.0
85,27,5.0,1614200000000.0
85,96,2.0,1615930900000.0
85,208,5.0,1619053800000.0
85,43,5.0,1624033900000.0
85,334,5.0,1626437000000.0
85,45,5.0,1627755500000.0
85,288,5.0,1631819400000.0
85,162,5.0,1633097900000.0
85,151,5.0,1633354300000.0
85,26,5.0,1635546300000.0
241,212,4.0,1596690500000.0
241,308,4.0,1601660900000.0
241,11,4.0,1604163700000.0
63,319,3.0,1596716400000.0
63,60,4.0,1601130700000.0
63,337,4.0,1603662200000.0
63,19,5.0,1609342800000.0
63,31,5.0,1614145000000.0
63,2,5.0,1617798500000.0
228,83,5.0,1596758300000.0
228,197,5.0,1598364200000.0
228,218,3.0,1602075800000.0
228,222,5.0,1604523000000.0
58,332,3.0,1596769800000.0
58,319,5.0,1597860300000.0
58,170,5.0,1598036400000.0
58,11,4.0,1606083700000.0
58,237,4.0,1606331900000.0
58,150,5.0,1615158700000.0
58,333,4.0,1615160400000.0
58,5,5.0,1617336300000.0
58,180,4.0,1620101200000.0
58,240,5.0,1620761100000.0
58,148,5.0,1624307900000.0
58,334,4.0,1624995000000.0
58,300,5.0,1625800200000.0
58,290,4.0,1625949000000.0
183,261,5.0,1596772200000.0
183,83,5.0,1599009800000.0
183,340,5.0,1599694200000.0
183,86,5.0,1599694400000.0
146,102,5.0,1596820400000.0
146,319,5.0,1597378700000.0
146,139,5.0,1601089800000.0
146,141,5.0,1603563000000.0
146,202,5.0,1605932500000.0
146,238,5.0,1610684800000.0
146,295,4.0,1611276200000.0
146,67,5.0,1615049500000.0
146,150,5.0,1615192700000.0
146,206,5.0,1615270900000.0
146,320,5.0,1617522000000.0
146,173,5.0,1618335800000.0
146,121,5.0,1621011500000.0
146,321,4.0,1622262800000.0
146,220,5.0,1623367500000.0
146,275,5.0,1624948900000.0
146,239,4.0,1632239000000.0
162,350,5.0,1596821300000.0
162,154,3.0,1599969000000.0
162,10,5.0,1600569300000.0
162,139,4.0,1601790300000.0
162,138,3.0,1602564300000.0
162,29,4.0,1602565000000.0
210,318,5.0,1596821700000.0
210,210,5.0,1597728800000.0
210,103,5.0,1601151700000.0
210,204,5.0,1603484800000.0
210,141,5.0,1604383900000.0
210,246,5.0,1604640600000.0
210,138,5.0,1605899400000.0
29,177,5.0,1596828000000.0
29,276,5.0,1596916100000.0
29,223,3.0,1598586600000.0
29,277,5.0,1599064900000.0
29,204,3.0,1599256500000.0
29,212,5.0,1601391300000.0
29,132,3.0,1602003400000.0
29,257,4.0,1602037400000.0
29,87,2.0,1603681900000.0
29,158,5.0,1604872600000.0
29,16,3.0,1605406000000.0
29,3,5.0,1609209500000.0
18,62,5.0,1596833100000.0
18,217,5.0,1596994700000.0
18,10,5.0,1602267300000.0
18,218,5.0,1603405000000.0
18,219,5.0,1604804500000.0
70,210,5.0,1596834600000.0
70,219,5.0,1611784500000.0
70,117,5.0,1614099400000.0
95,8,5.0,1596869200000.0
95,9,5.0,1597737800000.0
95,302,5.0,1600354800000.0
95,307,5.0,1601569200000.0
95,217,4.0,1601841700000.0
95,259,5.0,1602341600000.0
77,170,5.0,1596903900000.0
77,298,5.0,1597109700000.0
77,12,5.0,1597109800000.0
77,270,5.0,1597110000000.0
77,153,5.0,1598618000000.0
77,311,5.0,1598908300000.0
77,243,5.0,1600652400000.0
77,160,5.0,1604606400000.0
77,330,5.0,1604971500000.0
77,15,5.0,1608435800000.0
77,173,5.0,1612984600000.0
77,116,5.0,1614287300000.0
77,27,5.0,1615433000000.0
77,36,5.0,1616158900000.0
77,96,5.0,1617385900000.0
77,347,5.0,1618337600000.0
77,41,5.0,1618338100000.0
77,208,5.0,1618586500000.0
77,64,5.0,1619228800000.0
77,175,5.0,1619742400000.0
77,122,5.0,1620039800000.0
77,286,5.0,1624717000000.0
77,232,5.0,1625229600000.0
77,215,5.0,1625793100000.0
178,152,3.0,1596908000000.0
178,82,4.0,1602034000000.0
178,241,5.0,1602640700000.0
224,198,3.0,1596910700000.0
224,210,5.0,1596998400000.0
224,112,5.0,1612285600000.0
244,194,5.0,1597076100000.0
244,80,5.0,1597076400000.0
244,136,5.0,1603398100000.0
26,257,2.0,1597107000000.0
26,170,3.0,1597171600000.0
26,258,5.0,1597193600000.0
219,170,4.0,1597153900000.0
219,106,4.0,1603281500000.0
219,118,5.0,1614606000000.0
142,61,5.0,1597186100000.0
142,287,5.0,1597339300000.0
142,259,4.0,1598149500000.0
142,276,5.0,1598151700000.0
142,132,5.0,1598335200000.0
180,259,4.0,1597189900000.0
180,178,5.0,1597516800000.0
180,237,5.0,1605618500000.0
180,107,5.0,1605725700000.0
180,212,4.0,1605801600000.0
215,317,5.0,1597210000000.0
215,86,4.0,1598651200000.0
215,356,5.0,1601000700000.0
125,177,4.0,1597262100000.0
125,132,5.0,1599069100000.0
125,223,5.0,1606094400000.0
125,346,3.0,1608666300000.0
125,355,3.0,1608666700000.0
37,84,5.0,1597265000000.0
37,298,5.0,1597360600000.0
37,287,3.0,1597360800000.0
37,157,1.0,1600554400000.0
37,105,5.0,1602710300000.0
37,200,5.0,1602832000000.0
37,264,4.0,1604434000000.0
37,20,5.0,1605737800000.0
37,299,2.0,1606165500000.0
37,121,5.0,1621456000000.0
37,176,1.0,1624051300000.0
37,300,5.0,1625608400000.0
37,182,5.0,1639000400000.0
107,259,4.0,1597278100000.0
107,276,5.0,1597281400000.0
107,241,5.0,1597722500000.0
107,7,4.0,1597957200000.0
66,212,5.0,1597303200000.0
66,152,4.0,1597314600000.0
66,178,3.0,1598943800000.0
66,213,5.0,1599706900000.0
66,139,4.0,1602895500000.0
66,339,5.0,1615029500000.0
137,83,5.0,1597450500000.0
137,28,5.0,1608447800000.0
137,319,4.0,1608516000000.0
14,102,5.0,1597526200000.0
14,177,5.0,1598014100000.0
14,178,3.0,1598286200000.0
14,107,5.0,1604869600000.0
14,179,4.0,1606683200000.0
14,180,4.0,1620580900000.0
14,181,3.0,1628864900000.0
27,235,3.0,1597577200000.0
27,257,5.0,1598282100000.0
27,261,4.0,1599754600000.0
27,262,2.0,1599757000000.0
27,155,4.0,1599799000000.0
27,84,5.0,1600093600000.0
27,263,5.0,1601256200000.0
27,28,2.0,1602993500000.0
27,249,3.0,1603564300000.0
27,264,5.0,1605801700000.0
27,14,5.0,1606080800000.0
27,20,5.0,1607108000000.0
27,111,5.0,1607283100000.0
27,15,4.0,1608824000000.0
27,88,5.0,1608825700000.0
27,89,5.0,1611724100000.0
27,22,1.0,1612347900000.0
27,265,2.0,1612367500000.0
27,266,3.0,1612370100000.0
27,68,5.0,1612817200000.0
27,114,4.0,1616483200000.0
27,145,4.0,1617470200000.0
27,41,3.0,1624403600000.0
27,220,5.0,1626468300000.0
27,161,5.0,1631278700000.0
27,66,4.0,1631483300000.0
27,229,5.0,1632662500000.0
27,25,5.0,1633614800000.0
27,230,4.0,1635653000000.0
27,151,4.0,1635653100000.0
27,231,4.0,1636308100000.0
27,164,4.0,1646557400000.0
43,317,2.0,1597615400000.0
43,153,4.0,1599086500000.0
43,68,4.0,1610542400000.0
231,298,4.0,1597634100000.0
231,81,3.0,1597812900000.0
231,239,1.0,1612311400000.0
231,320,5.0,1612457200000.0
231,33,4.0,1615004800000.0
231,67,2.0,1615232600000.0
217,217,3.0,1597716800000.0
217,304,5.0,1599023500000.0
217,305,4.0,1599023700000.0
217,88,4.0,1606544400000.0
217,297,2.0,1611904500000.0
214,212,5.0,1597791400000.0
214,156,3.0,1599617900000.0
214,345,3.0,1619844700000.0
40,310,4.0,1597950300000.0
40,257,4.0,1598553600000.0
40,271,4.0,1600302000000.0
40,311,4.0,1602787100000.0
40,155,5.0,1602798500000.0
40,11,4.0,1604694400000.0
40,16,4.0,1604895500000.0
40,18,5.0,1605905800000.0
40,159,4.0,1609283800000.0
40,156,4.0,1609787400000.0
40,146,5.0,1615935200000.0
40,95,5.0,1616979400000.0
40,148,5.0,1621358500000.0
57,81,5.0,1597986200000.0
57,305,1.0,1599166000000.0
57,304,3.0,1599166200000.0
57,132,5.0,1600281500000.0
57,113,1.0,1609283500000.0
57,211,4.0,1611873000000.0
57,207,5.0,1613626000000.0
57,116,4.0,1617573300000.0
57,150,5.0,1621030300000.0
57,119,5.0,1621547300000.0
57,97,2.0,1621805600000.0
57,39,2.0,1621831700000.0
104,213,4.0,1597993400000.0
104,155,4.0,1599149200000.0
104,345,5.0,1604617000000.0
104,285,5.0,1611532000000.0
74,269,5.0,1597995600000.0
74,332,5.0,1598331700000.0
74,311,5.0,1599976000000.0
74,345,5.0,1605074700000.0
74,315,5.0,1615229000000.0
145,28,5.0,1598084100000.0
145,305,3.0,1599894700000.0
145,356,2.0,1600508500000.0
145,68,5.0,1609937800000.0
145,2,5.0,1611122600000.0
211,294,4.0,1598101000000.0
211,18,3.0,1605973700000.0
211,254,5.0,1621780900000.0
211,289,4.0,1623410200000.0
230,329,5.0,1598136900000.0
230,10,4.0,1599865900000.0
230,272,5.0,1607561600000.0
230,93,3.0,1609894100000.0
25,28,2.0,1598223000000.0
25,246,4.0,1601669300000.0
25,247,5.0,1603027900000.0
25,248,5.0,1603030400000.0
25,141,3.0,1603566400000.0
25,249,1.0,1603568700000.0
25,110,5.0,1606227700000.0
25,202,4.0,1606342100000.0
25,17,4.0,1606343300000.0
25,91,4.0,1608308400000.0
25,90,4.0,1608316900000.0
25,112,5.0,1608318300000.0
25,143,5.0,1608825200000.0
25,226,4.0,1613769000000.0
25,24,4.0,1615305200000.0
25,117,5.0,1620847400000.0
25,250,5.0,1624458300000.0
25,251,3.0,1625693100000.0
25,252,5.0,1625767700000.0
25,119,5.0,1629214100000.0
25,253,3.0,1629331800000.0
25,147,5.0,1629571900000.0
25,175,5.0,1629771800000.0
25,254,5.0,1629893600000.0
76,271,4.0,1598253700000.0
76,242,3.0,1599608300000.0
76,10,4.0,1602754200000.0
76,16,1.0,1607150000000.0
76,91,2.0,1609746500000.0
76,297,4.0,1609923200000.0
76,346,5.0,1609924700000.0
76,224,5.0,1610003000000.0
76,31,4.0,1610617200000.0
76,93,4.0,1610618200000.0
76,211,5.0,1614151200000.0
76,226,5.0,1615277000000.0
76,116,4.0,1620723500000.0
76,38,4.0,1620986700000.0
23,241,5.0,1598280700000.0
23,155,4.0,1599405400000.0
23,171,3.0,1599681000000.0
23,242,5.0,1600983900000.0
23,243,5.0,1601081200000.0
17,212,5.0,1598381500000.0
17,213,5.0,1600115800000.0
17,156,5.0,1602090200000.0
17,85,3.0,1602694000000.0
17,159,1.0,1605038200000.0
17,144,3.0,1607715700000.0
17,214,4.0,1608580100000.0
17,142,2.0,1610920200000.0
17,68,4.0,1614025900000.0
17,2,5.0,1619222100000.0
17,206,4.0,1620062600000.0
17,119,5.0,1624542300000.0
65,135,5.0,1598387500000.0
65,293,5.0,1598387700000.0
65,89,5.0,1607711600000.0
65,13,5.0,1607712000000.0
65,281,4.0,1608937100000.0
65,88,5.0,1608949300000.0
46,155,5.0,1598444700000.0
46,241,5.0,1598452100000.0
46,305,3.0,1599525500000.0
46,304,3.0,1599525600000.0
46,158,5.0,1599838900000.0
156,329,3.0,1598559200000.0
156,241,3.0,1600086500000.0
156,197,3.0,1600101000000.0
156,277,4.0,1601079300000.0
156,18,5.0,1604545300000.0
156,248,4.0,1605147600000.0
156,225,4.0,1612042900000.0
156,3,5.0,1612045500000.0
168,153,3.0,1598564300000.0
168,156,4.0,1598647000000.0
168,159,5.0,1603299300000.0
168,272,5.0,1607893900000.0
168,30,4.0,1608163800000.0
168,238,5.0,1610068400000.0
168,68,4.0,1610077000000.0
168,237,5.0,1610165500000.0
168,2,5.0,1611190800000.0
168,228,5.0,1613265500000.0
168,67,5.0,1613951700000.0
168,94,5.0,1614054800000.0
168,4,5.0,1614219200000.0
168,35,5.0,1614396500000.0
168,220,4.0,1621800000000.0
168,300,5.0,1624888700000.0
21,235,4.0,1598739200000.0
21,236,4.0,1599367500000.0
21,237,3.0,1609114200000.0
21,202,2.0,1609415100000.0
21,238,4.0,1611654100000.0
21,239,3.0,1613555000000.0
21,116,4.0,1614679000000.0
21,37,2.0,1616470200000.0
21,240,5.0,1620378800000.0
96,243,1.0,1598836600000.0
96,18,5.0,1609689300000.0
96,314,1.0,1618782000000.0
4,28,5.0,1598928500000.0
4,19,5.0,1607113200000.0
4,29,5.0,1608081300000.0
4,15,4.0,1608677500000.0
4,30,5.0,1610163300000.0
4,31,2.0,1613321500000.0
4,32,4.0,1613573100000.0
4,33,5.0,1614287700000.0
4,34,5.0,1614539800000.0
4,35,5.0,1614880600000.0
4,36,4.0,1615161300000.0
4,37,5.0,1615291700000.0
4,5,4.0,1616809600000.0
4,38,5.0,1617636900000.0
4,39,5.0,1618794400000.0
4,40,4.0,1619135700000.0
4,41,5.0,1620617500000.0
4,42,5.0,1625368400000.0
4,43,5.0,1625931400000.0
4,44,4.0,1627838600000.0
4,45,5.0,1627952300000.0
4,46,5.0,1627958300000.0
4,47,4.0,1631588000000.0
4,48,4.0,1635030300000.0
4,49,5.0,1635992500000.0
4,50,5.0,1637016300000.0
60,335,4.0,1598976300000.0
60,287,5.0,1615616000000.0
60,67,4.0,1618158400000.0
73,269,5.0,1599134800000.0
73,10,5.0,1599273600000.0
73,219,5.0,1604844500000.0
73,89,5.0,1605755600000.0
73,92,5.0,1608311200000.0
83,303,4.0,1599361400000.0
83,159,4.0,1603044400000.0
83,90,4.0,1609550500000.0
83,295,3.0,1609615300000.0
173,242,2.0,1599438000000.0
173,308,5.0,1601570000000.0
173,141,3.0,1603327900000.0
173,330,5.0,1604347500000.0
173,16,5.0,1605305900000.0
173,93,2.0,1610399200000.0
173,34,5.0,1611775000000.0
173,5,4.0,1614289600000.0
173,43,3.0,1624292600000.0
139,271,5.0,1599442800000.0
139,29,4.0,1604979400000.0
139,21,5.0,1606530800000.0
139,17,5.0,1612492600000.0
118,104,5.0,1599445000000.0
118,295,5.0,1605812000000.0
118,19,5.0,1607565000000.0
118,60,5.0,1607774100000.0
118,63,5.0,1609632700000.0
118,327,4.0,1609632800000.0
118,113,5.0,1611982000000.0
118,227,5.0,1612480000000.0
118,314,4.0,1613342300000.0
118,209,5.0,1614014700000.0
118,315,5.0,1617192600000.0
118,41,3.0,1620216800000.0
118,64,5.0,1620414400000.0
118,46,5.0,1628423800000.0
1,1,4.0,1599699000000.0
1,2,4.0,1612054300000.0
1,3,5.0,1612923400000.0
206,28,5.0,1599746900000.0
206,200,4.0,1602636000000.0
206,247,4.0,1603259200000.0
47,157,2.0,1599759800000.0
47,139,5.0,1600816300000.0
47,160,4.0,1604147000000.0
47,202,5.0,1605736900000.0
47,237,4.0,1609633800000.0
47,30,4.0,1610405600000.0
47,68,4.0,1610416000000.0
47,31,4.0,1611098200000.0
47,228,5.0,1613257100000.0
47,67,4.0,1614212600000.0
47,5,5.0,1614429200000.0
47,96,5.0,1615382600000.0
47,38,5.0,1616876400000.0
47,65,4.0,1617231700000.0
47,41,5.0,1619392900000.0
47,121,5.0,1619655400000.0
47,321,5.0,1620837700000.0
47,176,3.0,1623276500000.0
47,286,4.0,1624639700000.0
47,123,5.0,1628696700000.0
47,231,4.0,1632177500000.0
199,153,4.0,1600027200000.0
199,137,5.0,1601572700000.0
199,139,4.0,1602248400000.0
199,249,3.0,1605111500000.0
199,2,4.0,1612017400000.0
199,38,4.0,1618235200000.0
199,64,4.0,1621344100000.0
199,254,5.0,1621387500000.0
200,157,5.0,1600161800000.0
200,109,5.0,1603453200000.0
200,144,5.0,1607448800000.0
200,117,5.0,1613817200000.0
45,293,5.0,1600181400000.0
45,317,3.0,1600966100000.0
45,235,5.0,1601623800000.0
45,318,4.0,1602041000000.0
45,302,4.0,1624163400000.0
45,319,3.0,1624822000000.0
97,270,5.0,1600206800000.0
97,278,2.0,1609191400000.0
97,229,5.0,1633489400000.0
97,216,5.0,1636158400000.0
166,204,5.0,1600207000000.0
166,246,4.0,1601147400000.0
166,16,5.0,1604359700000.0
166,179,5.0,1604809800000.0
166,285,3.0,1605840100000.0
166,208,5.0,1617656500000.0
166,289,5.0,1622602300000.0
100,335,4.0,1600322500000.0
100,330,5.0,1605761100000.0
100,15,4.0,1609561000000.0
100,88,5.0,1610342100000.0
100,13,4.0,1612158700000.0
100,20,5.0,1618738500000.0
100,321,5.0,1619426500000.0
100,278,5.0,1622106700000.0
100,256,5.0,1626763000000.0
100,49,3.0,1631810100000.0
187,332,4.0,1600484100000.0
187,249,1.0,1603734100000.0
187,214,5.0,1606775000000.0
187,341,5.0,1616390300000.0
187,38,5.0,1617245800000.0
187,95,4.0,1619146000000.0
187,64,1.0,1619389800000.0
191,85,3.0,1600511900000.0
191,155,4.0,1601695800000.0
191,263,4.0,1602111900000.0
191,158,3.0,1605429800000.0
191,88,5.0,1606379400000.0
191,91,2.0,1607946500000.0
191,289,3.0,1626509400000.0
223,235,5.0,1600628600000.0
223,302,5.0,1600628600000.0
223,350,3.0,1603277800000.0
223,217,5.0,1603278500000.0
223,159,5.0,1603432600000.0
175,303,5.0,1600896000000.0
175,154,5.0,1601500700000.0
175,266,5.0,1610555700000.0
175,239,4.0,1613686200000.0
138,246,5.0,1600912000000.0
138,139,4.0,1602124800000.0
138,200,4.0,1603334400000.0
138,11,4.0,1604616500000.0
138,18,5.0,1605645100000.0
138,278,4.0,1608131100000.0
138,238,5.0,1611847400000.0
138,4,3.0,1614294700000.0
138,207,5.0,1614566900000.0
138,37,5.0,1615946700000.0
138,253,3.0,1620867400000.0
78,307,4.0,1601055400000.0
78,18,5.0,1605036400000.0
78,310,5.0,1610318900000.0
92,139,4.0,1601173000000.0
92,327,4.0,1609113100000.0
92,205,5.0,1609465100000.0
81,137,5.0,1602806100000.0
81,16,5.0,1605726400000.0
81,20,5.0,1607900300000.0
81,299,5.0,1608461800000.0
81,24,5.0,1614196800000.0
81,250,5.0,1616359300000.0
81,251,5.0,1616524200000.0
81,255,5.0,1618189100000.0
81,253,5.0,1619017300000.0
81,121,4.0,1621622100000.0
81,97,4.0,1621795100000.0
81,98,5.0,1622043800000.0
81,289,5.0,1624289300000.0
81,123,4.0,1628806200000.0
81,229,5.0,1630505800000.0
81,164,5.0,1642973100000.0
252,28,4.0,1603220900000.0
252,108,4.0,1603223400000.0
252,109,5.0,1604719000000.0
252,214,5.0,1605124400000.0
189,348,5.0,1603341500000.0
189,136,5.0,1605513000000.0
189,264,5.0,1610190600000.0
189,14,5.0,1611462600000.0
189,224,5.0,1611566400000.0
189,140,2.0,1611806700000.0
189,15,5.0,1618105100000.0
189,265,5.0,1620744600000.0
247,309,2.0,1603386700000.0
247,16,2.0,1604666300000.0
247,115,4.0,1609247400000.0
225,108,5.0,1603564900000.0
225,106,3.0,1604067000000.0
225,346,5.0,1605114300000.0
225,114,5.0,1610724800000.0
184,330,2.0,1603675100000.0
184,11,3.0,1605214400000.0
184,89,4.0,1609905700000.0
33,109,5.0,1603696000000.0
33,110,5.0,1607847500000.0
33,285,3.0,1608359600000.0
33,115,5.0,1610419400000.0
33,142,5.0,1610681700000.0
33,207,4.0,1611782000000.0
86,264,4.0,1603747600000.0
86,20,4.0,1605898200000.0
86,90,5.0,1609995400000.0
86,282,5.0,1610147700000.0
86,116,5.0,1615139300000.0
86,95,5.0,1617149700000.0
121,141,5.0,1603834900000.0
121,226,5.0,1614917800000.0
121,175,5.0,1618096300000.0
121,95,5.0,1619147500000.0
121,58,5.0,1623108100000.0
121,98,5.0,1623782600000.0
201,11,5.0,1604070900000.0
201,346,5.0,1605875000000.0
201,30,5.0,1611838700000.0
201,238,5.0,1612872700000.0
201,33,4.0,1614775000000.0
201,176,5.0,1623670800000.0
108,219,5.0,1604239600000.0
108,263,5.0,1606893300000.0
108,88,5.0,1606896200000.0
108,272,5.0,1608634000000.0
108,266,5.0,1608638500000.0
108,296,5.0,1609743200000.0
108,15,4.0,1610432900000.0
108,3,5.0,1610818400000.0
153,29,5.0,1604251200000.0
153,330,5.0,1604261100000.0
153,106,5.0,1604880300000.0
153,88,5.0,1606019700000.0
153,327,5.0,1607052800000.0
20,222,5.0,1604908200000.0
20,223,4.0,1608171800000.0
20,14,5.0,1611735100000.0
20,173,5.0,1617788000000.0
20,224,5.0,1617938700000.0
20,211,5.0,1619750700000.0
20,147,5.0,1620370800000.0
20,225,5.0,1620372600000.0
20,4,5.0,1621403100000.0
20,226,5.0,1622709200000.0
20,205,5.0,1622958100000.0
20,32,5.0,1624506400000.0
20,43,5.0,1626167700000.0
20,227,5.0,1626437500000.0
20,228,4.0,1627589300000.0
20,229,4.0,1629939200000.0
20,66,5.0,1629942300000.0
20,230,3.0,1633503200000.0
20,231,5.0,1634185200000.0
20,232,4.0,1635812800000.0
20,148,5.0,1636571500000.0
22,222,5.0,1604908200000.0
22,223,4.0,1608171800000.0
22,14,5.0,1611735100000.0
22,173,5.0,1617788000000.0
22,224,5.0,1617938700000.0
22,211,5.0,1619750700000.0
22,147,5.0,1620370800000.0
22,225,5.0,1620372600000.0
22,4,5.0,1621403100000.0
22,226,5.0,1622709200000.0
22,205,5.0,1622958100000.0
22,32,5.0,1624506400000.0
22,43,5.0,1626167700000.0
22,227,5.0,1626437500000.0
22,228,4.0,1627589300000.0
22,229,4.0,1629939200000.0
22,66,5.0,1629942300000.0
22,230,3.0,1633503200000.0
22,231,5.0,1634185200000.0
22,232,4.0,1635812800000.0
22,148,5.0,1636571500000.0
159,106,3.0,1605223800000.0
159,89,5.0,1607912400000.0
159,90,5.0,1607912800000.0
159,30,5.0,1608601400000.0
159,13,5.0,1609112200000.0
159,296,5.0,1609654900000.0
159,67,5.0,1613008700000.0
159,94,5.0,1613350300000.0
159,95,3.0,1616963800000.0
159,65,5.0,1619323700000.0
159,23,5.0,1620589400000.0
226,84,5.0,1605324200000.0
226,68,5.0,1611271200000.0
226,263,3.0,1612416400000.0
134,237,3.0,1605577200000.0
134,355,5.0,1608595400000.0
134,26,5.0,1635349700000.0
134,50,4.0,1637016900000.0
134,291,5.0,1638397200000.0
213,299,4.0,1605667100000.0
213,10,4.0,1607021900000.0
213,266,4.0,1609269500000.0
213,112,4.0,1609378400000.0
6,60,5.0,1605844500000.0
6,13,5.0,1609736300000.0
6,63,5.0,1610123700000.0
3,14,4.0,1606163400000.0
3,15,4.0,1610387800000.0
3,16,4.0,1612544500000.0
3,17,5.0,1612546700000.0
3,18,3.0,1613417000000.0
3,19,5.0,1613417500000.0
3,20,4.0,1614180100000.0
3,21,5.0,1615049800000.0
3,22,5.0,1615835000000.0
3,23,5.0,1619021800000.0
3,24,3.0,1619896600000.0
3,25,5.0,1629659300000.0
221,248,5.0,1607587500000.0
221,143,5.0,1611627100000.0
221,266,4.0,1613031800000.0
250,272,5.0,1607964300000.0
250,44,4.0,1626814800000.0
250,233,5.0,1633969200000.0
205,107,5.0,1608000700000.0
205,179,4.0,1611799500000.0
205,110,4.0,1616204000000.0
69,89,5.0,1609016900000.0
69,30,4.0,1609017600000.0
69,202,2.0,1609548400000.0
127,337,5.0,1609425100000.0
127,17,5.0,1610548600000.0
127,238,5.0,1610806600000.0
151,355,5.0,1610141000000.0
151,314,2.0,1611542000000.0
151,227,4.0,1612677800000.0
151,315,4.0,1613713100000.0
151,145,5.0,1614373600000.0
151,36,2.0,1615159100000.0
42,314,2.0,1612470400000.0
42,225,5.0,1613658800000.0
42,228,5.0,1613938000000.0
42,67,5.0,1614206900000.0
42,315,5.0,1614207600000.0
42,38,4.0,1617334200000.0
42,316,4.0,1637699700000.0
84,145,4.0,1613917800000.0
84,5,5.0,1614552400000.0
84,339,5.0,1614985000000.0
84,32,5.0,1615320300000.0
84,40,4.0,1619047400000.0
12,85,3.0,1615328800000.0
12,161,5.0,1631851600000.0
12,162,5.0,1633038400000.0
12,163,2.0,1633130600000.0
12,164,5.0,1641356300000.0
88,35,5.0,1615391400000.0
88,176,5.0,1623247300000.0
88,151,5.0,1633131800000.0
176,39,5.0,1619398500000.0
176,65,5.0,1619398500000.0
176,273,5.0,1621439200000.0
176,238,5.0,1631417100000.0
176,31,5.0,1631418000000.0
176,92,5.0,1631550700000.0
144,220,5.0,1622678000000.0
144,161,5.0,1628725400000.0
144,233,5.0,1638660300000.0
119,148,5.0,1623170700000.0
119,43,5.0,1624317000000.0
119,286,5.0,1624744800000.0
93,98,3.0,1623812200000.0
93,275,2.0,1627757100000.0
93,336,5.0,1629537800000.0
171,163,5.0,1633439600000.0
171,48,5.0,1634405400000.0
171,164,5.0,1641481600000.0
